ft_frozen,ft_thawed,ft_trans,ft_itrans,fw_fw_06_swe_-3,fw_fw_06_swe_-2,fw_fw_06_swe_-1,fw_fw_06_swe_+1,fw_fw_06_swe_+2,swe_swe_average_-3,swe_swe_average_-2,swe_swe_average_-1,swe_swe_average_+1,swe_swe_average_+2,energy_sw_up_-3,energy_sw_up_-2,energy_sw_up_-1,energy_sw_up_+1,energy_sw_up_+2,energy_sw_dn_-3,energy_sw_dn_-2,energy_sw_dn_-1,energy_sw_dn_+1,energy_sw_dn_+2,energy_lw_up_-3,energy_lw_up_-2,energy_lw_up_-1,energy_lw_up_+1,energy_lw_up_+2,energy_lw_dn_-3,energy_lw_dn_-2,energy_lw_dn_-1,energy_lw_dn_+1,energy_lw_dn_+2
0.0073501696192989066,0.013004146249528835,0.0092348284960422165,0.0050885789672069359,0.4123633622314361,5.5750094232943841,47.336788541274032,9.9206558612891058,2.9820957406709385,0.0,0.0,0.22502826988315114,0.10346777233320768,0.047493403693931395,0.35393893705239354,6.2487749717301169,75.657369016208065,8.881831888428195,0.69864304560874479,1.4860535243120996,12.340934790802864,64.57877874104787,13.253486618921976,0.27082548058801359,1.7583867320015076,16.99868073878628,63.014134941575577,8.7751601960045225,1.190727478326423,2.2042970222389746,13.744063324538258,61.333396155295894,13.38597813795703,0.62042970222389748
6.2035281727224856,67.129015271195371,18.385992627698787,0.28146392838335965,0.15455502896261189,2.8617693522906795,35.782253817798839,7.0176408636124279,2.5608214849921009,0.0,0.015534491837809373,8.1271721958925749,4.5621379673512372,1.2145866245392312,0.09057398630858346,5.8644023170089516,68.396524486571877,14.042917324907846,2.8644023170089521,0.24012638230647709,13.673249078462348,59.884939441811483,18.093470247498683,0.10136914165350185,1.1635071090047393,16.404949973670352,61.966034755134281,11.337809373354396,1.0676671932596102,0.88651922064244337,14.798314902580305,62.380726698262244,12.638493944181148,1.2814639283833598
39.025453277545324,28.233960948396096,24.568688981868899,0.17189679218967921,0.084030683403068338,1.389121338912134,14.349023709902371,2.3019525801952581,0.61680613668061368,0.28905160390516038,5.8570432357043236,46.18410041841004,13.708856345885634,1.4592050209205021,0.020920502092050208,6.6569037656903767,63.890167364016733,17.264993026499301,3.1624825662482565,0.0,15.796373779637378,56.146443514644353,20.056834030683405,0.00034867503486750347,0.47245467224546722,19.087168758716874,57.874825662482564,11.854253835425384,2.6586471408647139,0.58019525801952576,18.352859135285915,59.2907949790795,10.873082287308229,2.7995118549511857
