ft_frozen,ft_thawed,ft_trans,ft_itrans,fw_fw_06_swe_-3,fw_fw_06_swe_-2,fw_fw_06_swe_-1,fw_fw_06_swe_+1,fw_fw_06_swe_+2,swe_swe_average_-3,swe_swe_average_-2,swe_swe_average_-1,swe_swe_average_+1,swe_swe_average_+2,energy_sw_up_-3,energy_sw_up_-2,energy_sw_up_-1,energy_sw_up_+1,energy_sw_up_+2,energy_sw_dn_-3,energy_sw_dn_-2,energy_sw_dn_-1,energy_sw_dn_+1,energy_sw_dn_+2,energy_lw_up_-3,energy_lw_up_-2,energy_lw_up_-1,energy_lw_up_+1,energy_lw_up_+2,energy_lw_dn_-3,energy_lw_dn_-2,energy_lw_dn_-1,energy_lw_dn_+1,energy_lw_dn_+2
0.0,0.0,0.0,0.0,0.16614344361265396,5.0787249456652983,58.334943250422604,7.9736778555904371,1.991547935281333,0.0,0.0,0.078241970538517266,0.065443129678821543,0.012557353296305241,0.0,1.0487804878048781,83.17556145858488,6.3832407631007007,0.3634387829026805,0.0,0.90992513885534898,85.812847138372376,4.1823231103598166,0.091765274088384446,0.0,0.012315865732914755,90.661675923689927,0.32335184737985995,0.0026563631972953395,0.0,0.15092972711905336,89.743298720115916,1.1057715527650327,0.0
5.7416020671834627,72.026162790697668,12.800064599483203,0.43217054263565891,0.42118863049095606,4.146963824289406,59.265826873385016,5.6937984496124034,1.4509043927648579,0.0,0.0,1.8843669250645996,1.626937984496124,0.84043927648578809,0.0006459948320413437,6.0113049095607236,73.996124031007753,9.3675710594315245,1.4605943152454781,0.0,8.7664728682170541,64.29069767441861,17.317183462532299,0.62564599483204131,0.0,0.77777777777777779,86.320090439276484,3.9018087855297159,0.00032299741602067185,0.0,1.6960594315245479,80.718669250645988,8.5752583979328172,0.010012919896640826
2.1137078651685393,77.270561797752805,11.556404494382022,0.059325842696629216,0.028314606741573035,0.2152808988764045,14.043595505617978,2.6719101123595506,1.1721348314606741,0.0,0.0,0.77573033707865169,0.55235955056179775,0.38696629213483147,0.00044943820224719103,3.2692134831460673,75.63280898876404,10.478202247191012,1.5267415730337079,0.0,5.3334831460674161,70.236853932584268,15.155056179775281,0.27460674157303372,0.0,0.79415730337078649,87.149662921348309,3.0498876404494384,0.0062921348314606742,0.0,1.5348314606741573,82.983820224719096,6.4755056179775279,0.0058426966292134831
