ft_frozen,ft_thawed,ft_trans,ft_itrans,fw_fw_06_swe_-3,fw_fw_06_swe_-2,fw_fw_06_swe_-1,fw_fw_06_swe_+1,fw_fw_06_swe_+2,swe_swe_average_-3,swe_swe_average_-2,swe_swe_average_-1,swe_swe_average_+1,swe_swe_average_+2,energy_sw_up_-3,energy_sw_up_-2,energy_sw_up_-1,energy_sw_up_+1,energy_sw_up_+2,energy_sw_dn_-3,energy_sw_dn_-2,energy_sw_dn_-1,energy_sw_dn_+1,energy_sw_dn_+2,energy_lw_up_-3,energy_lw_up_-2,energy_lw_up_-1,energy_lw_up_+1,energy_lw_up_+2,energy_lw_dn_-3,energy_lw_dn_-2,energy_lw_dn_-1,energy_lw_dn_+1,energy_lw_dn_+2
0.028191703584373742,0.078936770036246481,0.055577929923479659,0.022553362867498993,0.18727345952476843,6.0910189287152638,62.539669754329438,7.8989126057188885,1.5652436568666934,0.0,0.0046314941602899722,0.16310914216673378,0.074909383809907373,0.032017720499395892,2.7654047523157472,22.338099073701169,60.188481675392673,5.9814740233588397,0.60108739428111158,1.6155859846959324,11.88562223117197,64.389045509464353,13.825815545710833,0.19271043093032622,0.72190898107128476,15.182641965364478,68.999395892066048,6.6621022956101488,0.40334273056786146,1.6965364478453484,15.925694724124044,65.347764800644384,8.4581151832460737,0.35340314136125656
7.483233233233233,68.94494494494495,15.27952952952953,0.29229229229229231,0.13638638638638639,3.6536536536536537,39.164414414414416,6.4051551551551551,2.0755755755755754,0.0,0.20995995995995995,9.0660660660660657,5.3658658658658656,1.857107107107107,0.40490490490490488,12.833083083083084,63.555555555555557,12.408158158158159,2.360860860860861,0.36211211211211214,13.706206206206206,60.284034034034036,17.551551551551551,0.084334334334334335,0.9261761761761762,15.563813813813814,63.471221221221221,11.56006006006006,0.45595595595595595,0.90340340340340342,15.844094094094094,61.425675675675677,12.928428428428429,0.89664664664664662
