ft_frozen,ft_thawed,ft_trans,ft_itrans,fw_fw_06_swe_-3,fw_fw_06_swe_-2,fw_fw_06_swe_-1,fw_fw_06_swe_+1,fw_fw_06_swe_+2,swe_swe_average_-3,swe_swe_average_-2,swe_swe_average_-1,swe_swe_average_+1,swe_swe_average_+2,energy_sw_up_-3,energy_sw_up_-2,energy_sw_up_-1,energy_sw_up_+1,energy_sw_up_+2,energy_sw_dn_-3,energy_sw_dn_-2,energy_sw_dn_-1,energy_sw_dn_+1,energy_sw_dn_+2,energy_lw_up_-3,energy_lw_up_-2,energy_lw_up_-1,energy_lw_up_+1,energy_lw_up_+2,energy_lw_dn_-3,energy_lw_dn_-2,energy_lw_dn_-1,energy_lw_dn_+1,energy_lw_dn_+2
0.0,0.0,0.0,0.0,0.19329214474845544,3.470873786407767,36.102162400706092,7.4068843777581641,2.4033539276257723,0.0,0.0,0.044351279788172993,0.030229479258605474,0.01323918799646955,0.035745807590467783,1.1374669020300088,85.159752868490727,4.5218446601941746,0.11849073256840247,0.0,0.4474845542806708,86.784201235657548,3.6999117387466902,0.06553398058252427,0.0,0.014342453662842012,89.116504854368927,1.8526037069726391,0.016548984995586939,0.0,0.041703442188879079,90.446601941747574,0.51059135039717563,0.0011032656663724624
5.1730830416799236,70.478523703468028,15.055042952593064,0.29335030225898823,0.34584791600381803,3.3897550111358576,56.758510976773785,6.138084632516704,1.6264715240216354,0.0,0.0,2.7352847597836463,1.2147629653197582,0.5968819599109132,0.0034998409163219855,7.6153356665606111,73.412663060769958,8.526885141584474,1.1517658288259625,0.0,9.2055361119949097,62.773146675151132,18.39389118676424,0.6274260260897232,0.0,0.40439070951320394,84.463569837734653,6.0639516385618837,0.068087814190264079,0.0,1.3429844097995545,81.683423480750875,7.811644925230671,0.16194718421889914
2.2004301075268815,75.919139784946239,12.837849462365591,0.042580645161290322,0.0064516129032258064,0.21333333333333335,13.75010752688172,2.3995698924731181,1.0404301075268818,0.0,0.0,1.3449462365591398,0.76215053763440865,0.56430107526881723,0.0017204301075268817,4.6090322580645164,75.903655913978497,8.7453763440860222,1.2498924731182797,0.0,4.9513978494623654,69.311397849462367,16.541505376344087,0.19569892473118281,0.0,0.60043010752688175,84.303655913978488,5.9479569892473121,0.14795698924731182,0.0,1.3221505376344087,83.7436559139785,5.9045161290322579,0.029677419354838711
