ft_frozen,ft_thawed,ft_trans,ft_itrans,fw_fw_06_swe_-3,fw_fw_06_swe_-2,fw_fw_06_swe_-1,fw_fw_06_swe_+1,fw_fw_06_swe_+2,swe_swe_average_-3,swe_swe_average_-2,swe_swe_average_-1,swe_swe_average_+1,swe_swe_average_+2,energy_sw_up_-3,energy_sw_up_-2,energy_sw_up_-1,energy_sw_up_+1,energy_sw_up_+2,energy_sw_dn_-3,energy_sw_dn_-2,energy_sw_dn_-1,energy_sw_dn_+1,energy_sw_dn_+2,energy_lw_up_-3,energy_lw_up_-2,energy_lw_up_-1,energy_lw_up_+1,energy_lw_up_+2,energy_lw_dn_-3,energy_lw_dn_-2,energy_lw_dn_-1,energy_lw_dn_+1,energy_lw_dn_+2
0.0,0.0,0.0,0.0,0.25327687033676144,3.0881226053639845,38.929219600725951,10.310546481145392,3.9901189755999193,0.0,0.0,0.15728977616454931,0.14438394837668886,0.070175438596491224,0.10526315789473684,5.9520064529138939,80.834644081468042,3.5795523290986084,0.40088727566041543,0.0,1.525509175236943,84.723129663238552,4.6503327283726561,0.098608590441621291,0.0,0.14156079854809436,90.106271425690665,0.75196612220205683,0.00020165355918531962,0.0,0.21798749747933052,90.072191974188343,0.70941722121395445,0.00040330711837063924
10.019089574155654,64.248458149779736,16.192951541850221,0.5395007342143906,0.5506607929515418,3.3612334801762116,47.847870778267257,6.9104258443465492,2.1465491923641702,0.0,0.0,2.8986784140969162,2.7976505139500736,2.023494860499266,0.041997063142437591,9.4464023494860498,64.840234948604987,11.99970631424376,3.6129221732745962,0.0,8.9656387665198238,63.960352422907491,17.666960352422908,0.40704845814977975,0.0,3.1107195301027901,85.666079295154191,2.2208516886930982,0.0011747430249632893,0.0,3.7973568281938328,83.259030837004403,3.9409691629955947,0.0026431718061674008
