ft_frozen,ft_thawed,ft_trans,ft_itrans,fw_fw_06_swe_-3,fw_fw_06_swe_-2,fw_fw_06_swe_-1,fw_fw_06_swe_+1,fw_fw_06_swe_+2,swe_swe_average_-3,swe_swe_average_-2,swe_swe_average_-1,swe_swe_average_+1,swe_swe_average_+2,energy_sw_up_-3,energy_sw_up_-2,energy_sw_up_-1,energy_sw_up_+1,energy_sw_up_+2,energy_sw_dn_-3,energy_sw_dn_-2,energy_sw_dn_-1,energy_sw_dn_+1,energy_sw_dn_+2,energy_lw_up_-3,energy_lw_up_-2,energy_lw_up_-1,energy_lw_up_+1,energy_lw_up_+2,energy_lw_dn_-3,energy_lw_dn_-2,energy_lw_dn_-1,energy_lw_dn_+1,energy_lw_dn_+2
0.011271799234368354,0.020204168438962142,0.018502764780944279,0.0087196937473415573,0.54742662696724798,8.7443641003828159,58.058485750744367,7.0776265418970654,1.6646108039132284,0.0,0.0089323692045937906,0.24989366227137388,0.066567418119948957,0.023181624840493405,0.49914929817099107,12.978519778817525,73.631220757124623,4.2924287537218202,0.47490429604423651,1.6546150574223735,12.704593789876649,64.7947681837516,12.585920884729902,0.18396427052318162,1.3077413866439813,15.000212675457252,66.241173968524038,8.7069332199064231,0.69693747341556789,1.4738409187579753,9.4717141641854532,64.42088472990217,15.732879625691195,0.72224585282858356
6.2277252999744706,69.52080673985192,15.950727597651264,0.30074036252233854,0.20525912688281847,3.541741128414603,39.659943834567272,6.7413837120245086,2.2624457492979322,0.0010211896859841716,0.36890477406178196,9.1981107990809292,3.623946898136329,0.2900178708195047,0.22542762318100587,13.212662752106203,68.878223129946392,7.460045953535869,1.8098034209854481,0.30176155220832268,15.132499361756446,58.476640285933115,17.984682154710239,0.09956599438345673,0.9599183048251213,12.177942302782743,63.201684962981872,14.375797804442175,1.243809037528721,1.481490936941537,12.486852182792953,62.148583099310699,13.733724789379627,2.054378350778657
