ft_frozen,ft_thawed,ft_trans,ft_itrans,fw_fw_06_swe_-3,fw_fw_06_swe_-2,fw_fw_06_swe_-1,fw_fw_06_swe_+1,fw_fw_06_swe_+2,swe_swe_average_-3,swe_swe_average_-2,swe_swe_average_-1,swe_swe_average_+1,swe_swe_average_+2,energy_sw_up_-3,energy_sw_up_-2,energy_sw_up_-1,energy_sw_up_+1,energy_sw_up_+2,energy_sw_dn_-3,energy_sw_dn_-2,energy_sw_dn_-1,energy_sw_dn_+1,energy_sw_dn_+2,energy_lw_up_-3,energy_lw_up_-2,energy_lw_up_-1,energy_lw_up_+1,energy_lw_up_+2,energy_lw_dn_-3,energy_lw_dn_-2,energy_lw_dn_-1,energy_lw_dn_+1,energy_lw_dn_+2
0.01538158154210215,0.026621968053638336,0.02129757444291067,0.0092683888779333465,0.36876355748373102,5.9729836324196413,59.454151055018734,9.8379017945178457,2.5133109840268193,0.0,0.0,0.26207848550581742,0.092683888779333465,0.077696706763951878,0.32143561427726286,10.900414119503056,72.131137842634587,8.2691776769867875,0.31906921711693947,1.4174718990337212,11.311378426345888,63.649576020508775,15.309209228948925,0.27805166633800038,0.40761191086570697,8.7339775192269773,61.790376651548016,16.583514099783081,4.0218891737329914,1.2989548412541905,12.571484914218104,67.492802208637343,10.171958193650168,0.30132123841451391
3.1297563646318096,72.362989323843422,16.199014508623051,0.30823980290172459,0.089789214344374493,3.4560635094442924,41.342458253490285,6.3870791130577604,1.9638653161784834,0.0,0.0084861757459622229,6.5469477142075005,1.0914316999726252,0.2365179304681084,0.10183410895154667,11.637558171366001,69.196003284971255,10.141801259238981,0.73966602792225566,0.33588831097727895,14.559266356419382,60.441828633999449,16.552970161511087,0.10813030385984122,0.67451409800164253,8.2055844511360529,65.970161511086772,15.336162058581987,1.5973172734738572,1.0580344921981932,11.479605803449219,65.023816041609635,13.623049548316452,0.6679441554886395
30.388567539979586,36.076556651922424,25.238176250425315,0.2966995576726778,0.049676760802994213,1.7216740387887037,20.259612112963595,4.1170466144947264,1.0765566519224226,0.20381082000680503,2.7832596121129636,41.084382443007826,12.851990472949984,0.75603946920721332,0.012249064307587616,8.2973800612453221,70.854712487240562,9.4362027900646481,2.343654304185097,0.0027220142905750254,16.508676420551208,56.112283089486219,19.375978223885674,0.00034025178632187818,1.2732221844164682,11.665532494045594,62.071452875127598,14.066008846546444,2.7784960871044575,1.6805035726437563,14.047635250085063,61.161279346716569,12.631507315413407,2.2936372915957808
