ft_frozen,ft_thawed,ft_trans,ft_itrans,fw_fw_06_swe_-3,fw_fw_06_swe_-2,fw_fw_06_swe_-1,fw_fw_06_swe_+1,fw_fw_06_swe_+2,swe_swe_average_-3,swe_swe_average_-2,swe_swe_average_-1,swe_swe_average_+1,swe_swe_average_+2,energy_sw_up_-3,energy_sw_up_-2,energy_sw_up_-1,energy_sw_up_+1,energy_sw_up_+2,energy_sw_dn_-3,energy_sw_dn_-2,energy_sw_dn_-1,energy_sw_dn_+1,energy_sw_dn_+2,energy_lw_up_-3,energy_lw_up_-2,energy_lw_up_-1,energy_lw_up_+1,energy_lw_up_+2,energy_lw_dn_-3,energy_lw_dn_-2,energy_lw_dn_-1,energy_lw_dn_+1,energy_lw_dn_+2
0.0,0.0,0.0,0.0,0.37968229064522457,4.6679741125710921,37.213767405373602,6.7607373994900959,2.3279074328299667,0.0,0.001176701313983134,0.20415767797607373,0.15610904098842909,0.06707197489703863,0.082761325750147094,1.9837222984898999,83.979015493233973,4.3885075505000977,0.43498725240243186,0.0,1.801725828593842,84.227299470484411,4.8129044910766821,0.14277309276328692,0.0,0.10884487154343989,90.278485977642674,0.61227691704255738,0.0,0.0,0.11747401451264954,89.880172582859387,0.99490096097273972,0.0074524416552265152
4.3072487644151565,74.525260845689175,11.879736408566721,0.28775398132894014,0.56123009335529928,2.7004393190554641,28.343492586490939,6.0461285008237233,2.4634816035145524,0.0,0.0010982976386600769,2.1375617792421746,1.2814387699066447,0.7789676002196595,0.03844041735310269,5.4038989566172431,70.572213069741906,12.250961010433828,2.2951674903898955,0.00027457440966501922,8.7646897309170786,65.84404173531027,16.039538714991764,0.35145524437122461,0.0,0.31191652937946185,86.481603514552447,4.2051070840197697,0.0,0.0,1.1117517847336629,81.703185063152119,8.1573311367380565,0.02773201537616694
0.0,0.0,0.0,0.0,0.21608040201005024,4.3283082077051924,41.857621440536015,7.8643216080402008,2.2010050251256281,0.0,0.0,0.0016750418760469012,0.0,0.0,0.0,0.0,9.748743718592964,33.929648241206031,36.527638190954775,0.0,0.83584589614740368,88.492462311557787,1.6716917922948074,0.0,0.0,0.0,90.978224455611397,0.021775544388609715,0.0,0.0,0.018425460636515914,90.896147403685092,0.085427135678391955,0.0
0.0,89.0,1.0,1.0,0.0,44.0,39.0,6.0,2.0,0.0,0.0,50.0,0.0,0.0,0.0,0.0,34.0,30.0,22.0,0.0,4.0,72.0,15.0,0.0,0.0,0.0,91.0,0.0,0.0,0.0,1.0,86.0,4.0,0.0
