ft_frozen,ft_thawed,ft_trans,ft_itrans,fw_fw_06_swe_-3,fw_fw_06_swe_-2,fw_fw_06_swe_-1,fw_fw_06_swe_+1,fw_fw_06_swe_+2,swe_swe_average_-3,swe_swe_average_-2,swe_swe_average_-1,swe_swe_average_+1,swe_swe_average_+2,energy_sw_up_-3,energy_sw_up_-2,energy_sw_up_-1,energy_sw_up_+1,energy_sw_up_+2,energy_sw_dn_-3,energy_sw_dn_-2,energy_sw_dn_-1,energy_sw_dn_+1,energy_sw_dn_+2,energy_lw_up_-3,energy_lw_up_-2,energy_lw_up_-1,energy_lw_up_+1,energy_lw_up_+2,energy_lw_dn_-3,energy_lw_dn_-2,energy_lw_dn_-1,energy_lw_dn_+1,energy_lw_dn_+2
0.0,0.0,0.0,0.0,0.34555609519184072,6.1374453618261295,54.520641087906753,7.4203496843127734,1.9412336085478388,0.0,0.00048567265662943174,0.2445361826129189,0.13841670713938806,0.06872268091306459,0.011898980087421079,1.9451189898008743,68.763477416221463,16.235551238465273,3.8156872268091306,0.0,1.8627974745021856,81.131374453618264,7.8397280233122872,0.1559009227780476,0.0,0.11389023797960175,88.991015055852358,1.8734822729480329,0.021369596891694997,0.0,0.2872753763963089,89.440505099562898,1.2651772705196698,0.0070422535211267607
11.513790162069945,57.52715382428206,21.572078475973843,0.3869775376741541,0.43673585442138185,3.4941711686096104,48.090986636337789,4.5828831390389535,1.510378163207279,0.0,0.0031276656241114587,4.9340346886551041,2.5914131361956212,1.7318737560420814,0.00028433323855558713,4.6212681262439581,68.144156951947679,14.88598237133921,2.8461757179414273,0.0,11.014216661927779,60.914415695194769,18.416548194483934,0.65481944839351724,0.0,2.132783622405459,79.605061131646295,9.2470855843048056,0.014785328404890531,0.0,3.0705146431617858,77.266420244526586,10.630082456639181,0.032982655672448111
0.0,0.0,0.0,0.0,0.10940919037199125,2.0645514223194747,30.333698030634572,7.2155361050328226,2.9037199124726478,0.0,0.0,0.0,0.0,0.0,0.39606126914660833,44.584245076586434,42.216630196936542,3.5087527352297592,0.25054704595185995,0.0,0.4310722100656455,89.307439824945291,1.2592997811816193,0.0021881838074398249,0.0,0.0,90.955142231947477,0.044857768052516414,0.0,0.0,0.013129102844638949,90.942013129102847,0.044857768052516414,0.0
0.0,36.0,0.0,55.0,3.5,24.0,45.0,17.0,1.5,0.0,0.0,0.0,0.0,0.0,0.0,0.0,72.0,19.0,0.0,0.0,0.0,87.5,3.5,0.0,0.0,0.0,91.0,0.0,0.0,0.0,0.0,91.0,0.0,0.0
