ft_frozen,ft_thawed,ft_trans,ft_itrans,fw_fw_06_swe_-3,fw_fw_06_swe_-2,fw_fw_06_swe_-1,fw_fw_06_swe_+1,fw_fw_06_swe_+2,swe_swe_average_-3,swe_swe_average_-2,swe_swe_average_-1,swe_swe_average_+1,swe_swe_average_+2,energy_sw_up_-3,energy_sw_up_-2,energy_sw_up_-1,energy_sw_up_+1,energy_sw_up_+2,energy_sw_dn_-3,energy_sw_dn_-2,energy_sw_dn_-1,energy_sw_dn_+1,energy_sw_dn_+2,energy_lw_up_-3,energy_lw_up_-2,energy_lw_up_-1,energy_lw_up_+1,energy_lw_up_+2,energy_lw_dn_-3,energy_lw_dn_-2,energy_lw_dn_-1,energy_lw_dn_+1,energy_lw_dn_+2
0.0,0.0,0.0,0.0,0.23143931894674322,3.1758067709364481,39.437339140764202,10.958424074440705,4.5771134428825979,0.0,0.00039596119580281131,0.12512373787368838,0.090477133240942392,0.059196198772520296,0.19184319936646207,6.0639477331221538,81.1552167887547,3.1015640467234209,0.3991288853692338,0.000593941793704217,1.4769352603444863,85.298950702831121,4.1138388437933084,0.10631558107305485,0.0,0.030884973272619284,90.597703425064338,0.37101564046723423,0.00039596119580281131,0.0,0.11740249455553356,90.28390417739061,0.59730746386854083,0.0013858641853098396
4.8697820950380679,71.667629299028619,14.040693095300604,0.42189551063271202,0.57049094250459442,2.8792333945917563,35.208978734576007,7.112627986348123,2.9671829876608036,0.0,0.0,1.7477028091362563,1.2328695195589394,0.84877920714098187,0.061433447098976107,8.007613546862693,64.378051982147539,14.632974533998425,3.1417694933053295,0.0,8.3633499606195851,66.644788658440532,15.811236545024942,0.1806248359149383,0.0,0.60698346022578109,87.61564715148333,2.7763192438960358,0.0010501443948542925,0.0,1.2352323444473614,84.181412444211077,5.5802047781569968,0.0031504331845628774
0.0,0.0,0.0,0.0,0.080402010050251257,3.2361809045226129,36.042713567839193,6.6859296482412063,2.1155778894472363,0.0,0.0,0.0,0.0,0.0,0.0,0.0,11.540201005025125,40.180904522613062,38.060301507537687,0.0,0.41959798994974873,89.678391959799001,0.90201005025125625,0.0,0.0,0.0,90.997487437185924,0.0025125628140703518,0.0,0.0,0.012562814070351759,90.942211055276388,0.045226130653266333,0.0
0.0,45.0,45.0,1.0,0.0,91.0,0.0,0.0,0.0,0.0,0.0,0.0,0.0,0.0,0.0,28.0,57.0,6.0,0.0,0.0,8.0,75.0,8.0,0.0,0.0,0.0,90.0,1.0,0.0,0.0,0.0,89.0,2.0,0.0
