ft_frozen,ft_thawed,ft_trans,ft_itrans,fw_fw_06_swe_-3,fw_fw_06_swe_-2,fw_fw_06_swe_-1,fw_fw_06_swe_+1,fw_fw_06_swe_+2,swe_swe_average_-3,swe_swe_average_-2,swe_swe_average_-1,swe_swe_average_+1,swe_swe_average_+2,energy_sw_up_-3,energy_sw_up_-2,energy_sw_up_-1,energy_sw_up_+1,energy_sw_up_+2,energy_sw_dn_-3,energy_sw_dn_-2,energy_sw_dn_-1,energy_sw_dn_+1,energy_sw_dn_+2,energy_lw_up_-3,energy_lw_up_-2,energy_lw_up_-1,energy_lw_up_+1,energy_lw_up_+2,energy_lw_dn_-3,energy_lw_dn_-2,energy_lw_dn_-1,energy_lw_dn_+1,energy_lw_dn_+2
0.00845125786163522,0.011595911949685534,0.00845125786163522,0.0076650943396226415,0.27574685534591192,7.3042452830188678,59.393278301886795,8.2405660377358494,2.117138364779874,0.0,0.0,0.1271619496855346,0.045794025157232701,0.021619496855345911,0.51552672955974843,12.922169811320755,71.24095911949685,6.74312106918239,0.50137578616352196,1.9164701257861636,12.113993710691824,64.665880503144649,13.0,0.1988993710691824,1.0007861635220126,14.486438679245284,69.456761006289312,6.6045597484276728,0.38757861635220126,1.2767295597484276,9.7543238993710695,65.555424528301884,13.997248427672956,1.0953223270440251
10.119370078740157,61.381102362204722,20.302677165354332,0.19685039370078741,0.15874015748031495,2.1984251968503936,29.863307086614174,7.0314960629921259,2.5647244094488189,0.0,0.0012598425196850393,7.6560629921259844,5.7033070866141733,1.6359055118110237,0.10173228346456693,7.1974803149606297,68.348031496062987,12.262362204724409,2.9023622047244095,0.29165354330708659,12.831811023622047,61.066456692913384,17.709291338582677,0.095748031496062994,2.8337007874015749,20.972913385826772,53.021102362204722,14.10740157480315,0.92724409448818901,2.492283464566929,21.217007874015749,51.712755905511813,15.331338582677166,1.1792125984251969
49.099888184867687,21.48192322027581,21.210212448751399,0.20797614610510623,0.22437569884457698,1.8613492359299293,11.355572120760343,1.4062616474096161,0.3943346999627283,0.68468132687290351,8.215803205367127,61.354081252329479,8.018635855385762,0.45583302273574355,0.040253447633246363,11.899739098024599,60.265747297800971,16.632500931792769,2.6999627282892287,0.00074543421543048823,16.51024972046217,54.286992172940735,21.202012672381663,0.0,0.47074170704435336,15.055907566157286,62.752515840477081,12.431979127841968,1.2765560939247111,0.62318300409988814,16.660827431979129,61.664181885948565,11.736116287737607,1.313082370480805
