ft_frozen,ft_thawed,ft_trans,ft_itrans,fw_fw_06_swe_-3,fw_fw_06_swe_-2,fw_fw_06_swe_-1,fw_fw_06_swe_+1,fw_fw_06_swe_+2,swe_swe_average_-3,swe_swe_average_-2,swe_swe_average_-1,swe_swe_average_+1,swe_swe_average_+2,energy_sw_up_-3,energy_sw_up_-2,energy_sw_up_-1,energy_sw_up_+1,energy_sw_up_+2,energy_sw_dn_-3,energy_sw_dn_-2,energy_sw_dn_-1,energy_sw_dn_+1,energy_sw_dn_+2,energy_lw_up_-3,energy_lw_up_-2,energy_lw_up_-1,energy_lw_up_+1,energy_lw_up_+2,energy_lw_dn_-3,energy_lw_dn_-2,energy_lw_dn_-1,energy_lw_dn_+1,energy_lw_dn_+2
0.0,0.0,0.0,0.0,0.28902195608782433,3.8578842315369259,38.461277445109779,8.1674650698602793,2.7664670658682633,0.0,0.001996007984031936,0.10738522954091817,0.091616766467065874,0.025548902195608781,0.0,1.7696606786427145,82.999800399201604,5.9928143712574853,0.21736526946107784,0.0,0.75768463073852299,85.959481037924149,4.189421157684631,0.090419161676646709,0.0,0.015568862275449102,88.843313373253494,2.1325349301397205,0.0085828343313373249,0.0,0.042115768463073855,90.360479041916165,0.59301397205588824,0.0043912175648702593
10.30956404190605,52.422102061507267,27.889827644474483,0.37850625211220007,0.50321054410273736,3.309226089895235,44.541061169313956,6.3710713078742822,2.179790469753295,0.0,0.0030415680973301792,4.6187901318012843,2.1956742142615751,1.3291652585332883,0.0027036160865157146,8.7049678945589726,68.239607975667454,11.352145995268671,2.2362284555593104,0.0,11.432916525853329,60.006759040216288,19.066576546130449,0.49374788779993239,0.0,0.49408583981074689,81.692801622169654,8.7999324095978366,0.013180128421764109,0.0,1.67826968570463,79.588374450827985,9.5988509631632315,0.13450490030415682
