ft_frozen,ft_thawed,ft_trans,ft_itrans,fw_fw_06_swe_-3,fw_fw_06_swe_-2,fw_fw_06_swe_-1,fw_fw_06_swe_+1,fw_fw_06_swe_+2,swe_swe_average_-3,swe_swe_average_-2,swe_swe_average_-1,swe_swe_average_+1,swe_swe_average_+2,energy_sw_up_-3,energy_sw_up_-2,energy_sw_up_-1,energy_sw_up_+1,energy_sw_up_+2,energy_sw_dn_-3,energy_sw_dn_-2,energy_sw_dn_-1,energy_sw_dn_+1,energy_sw_dn_+2,energy_lw_up_-3,energy_lw_up_-2,energy_lw_up_-1,energy_lw_up_+1,energy_lw_up_+2,energy_lw_dn_-3,energy_lw_dn_-2,energy_lw_dn_-1,energy_lw_dn_+1,energy_lw_dn_+2
0.0054689082438727976,0.0058740125582337453,0.0060765647154142188,0.0012153129430828439,0.39760988454527041,6.1802714198906221,57.880089122949158,10.391938424144216,2.7326311525217744,0.0,0.0042535953007899535,0.30990480048612518,0.16204172574437917,0.072108567956248731,0.11464452096414827,4.25197488353251,57.766052258456554,26.012153129430828,3.6449260684626292,1.6842211869556412,11.114644520964148,62.530484099655659,16.16163662143002,0.39052055904395383,0.94895685639052052,10.471338869758963,63.791776382418476,14.237188576058335,2.3265140773749242,2.0561069475389915,13.896293295523597,64.533319829856183,10.543447437715212,0.65059752886368238
9.1838933059758912,66.429340856629906,16.071813285457811,0.31495255193639393,0.13644524236983843,3.1872274942292895,33.059502436522187,4.9058733008463706,1.6404206206719671,0.0,0.38420107719928187,11.245191074634521,5.4547319825596308,1.8173890741215697,0.064119004873044366,3.5598871505514236,65.625801487560906,16.27904590920749,5.1941523467555788,0.47140292382662219,13.902026160553989,61.256219543472689,16.272377532700691,0.077968709925621951,1.7430110284688383,13.582200564247243,57.401641446524749,16.756604257501923,2.2813541933829189,1.1808155937419851,14.332392921261862,59.74634521672224,14.798409848679148,1.8804821749166454
50.158287509819324,24.310683424980361,17.354673998428908,0.17635506677140614,0.043205027494108407,1.5357423409269442,12.648075412411625,2.2215239591516105,0.45326001571091906,0.19402985074626866,8.8134328358208958,62.803613511390417,4.9882168106834248,0.14571877454831109,0.017282010997643361,8.809112333071484,64.865671641791039,14.098193244304792,3.2706205813040063,0.0007855459544383347,16.884917517674783,55.368028279654361,19.746268656716417,0.0,0.5,18.879025923016496,56.175569520816971,14.298114689709347,2.1095836606441476,1.0090337784760408,18.494108405341713,57.046739984289083,13.599764336213669,1.802827965435978
