ft_frozen,ft_thawed,ft_trans,ft_itrans,fw_fw_06_swe_-3,fw_fw_06_swe_-2,fw_fw_06_swe_-1,fw_fw_06_swe_+1,fw_fw_06_swe_+2,swe_swe_average_-3,swe_swe_average_-2,swe_swe_average_-1,swe_swe_average_+1,swe_swe_average_+2,energy_sw_up_-3,energy_sw_up_-2,energy_sw_up_-1,energy_sw_up_+1,energy_sw_up_+2,energy_sw_dn_-3,energy_sw_dn_-2,energy_sw_dn_-1,energy_sw_dn_+1,energy_sw_dn_+2,energy_lw_up_-3,energy_lw_up_-2,energy_lw_up_-1,energy_lw_up_+1,energy_lw_up_+2,energy_lw_dn_-3,energy_lw_dn_-2,energy_lw_dn_-1,energy_lw_dn_+1,energy_lw_dn_+2
0.048223853939273663,0.071244294502877559,0.069259773764635837,0.012105576503274458,0.3121651121254217,7.309188331018059,60.019845207382417,7.6963683270490177,1.6163921412978766,0.0,0.00019845207382417147,0.16372296090494146,0.036912085731295889,0.048819210160746182,1.7680095256995436,19.267910299662631,65.387576900178601,5.1075610240127007,0.40107164119865052,2.4647747568962095,13.098630680690613,63.925580472315936,12.149831315737249,0.18972018257590792,1.6009128795395913,18.053383607858702,63.906132169081168,7.7346695772970824,0.6148045247072832,2.1567771383210954,13.667791228418338,63.246279023615799,11.693391545941655,0.8394522722762453
18.798965071151358,46.442173350582145,26.553428201811126,0.20543337645536869,0.06416558861578267,1.6059508408796894,25.271927554980596,4.1673997412677881,1.5288486416558862,0.075032341526520052,1.59379042690815,18.398188874514876,8.3435963777490301,3.347994825355757,0.063906856403622245,12.155498059508409,68.395342820181114,8.6807244501940488,2.0447606727037515,0.059767141009055627,15.61319534282018,56.939456662354466,19.341526520051747,0.045795601552393275,0.99172056921086671,15.1627425614489,59.925743855109964,14.41267787839586,1.4807244501940491,1.2439844760672705,13.263648124191462,60.93842173350582,14.205950840879689,2.3045278137128071
0.0,0.0,0.0,0.0,0.0,0.0,0.0,0.0,0.0,0.0,0.0,0.0,0.0,73.0,0.0,16.0,52.0,24.0,0.0,0.0,19.0,52.0,21.0,0.0,0.0,10.0,62.0,20.0,0.0,0.0,11.0,65.0,15.0,1.0
