ft_frozen,ft_thawed,ft_trans,ft_itrans,fw_fw_06_swe_-3,fw_fw_06_swe_-2,fw_fw_06_swe_-1,fw_fw_06_swe_+1,fw_fw_06_swe_+2,swe_swe_average_-3,swe_swe_average_-2,swe_swe_average_-1,swe_swe_average_+1,swe_swe_average_+2,energy_sw_up_-3,energy_sw_up_-2,energy_sw_up_-1,energy_sw_up_+1,energy_sw_up_+2,energy_sw_dn_-3,energy_sw_dn_-2,energy_sw_dn_-1,energy_sw_dn_+1,energy_sw_dn_+2,energy_lw_up_-3,energy_lw_up_-2,energy_lw_up_-1,energy_lw_up_+1,energy_lw_up_+2,energy_lw_dn_-3,energy_lw_dn_-2,energy_lw_dn_-1,energy_lw_dn_+1,energy_lw_dn_+2
0.0,0.0,0.0,0.0,0.2203659506762132,3.6700477326968972,38.910700079554495,8.7263325377883856,2.9146778042959429,0.0,0.0,0.075178997613365162,0.036595067621320608,0.018496420047732696,0.37171837708830546,3.535202863961814,77.248011137629277,9.0765712012728716,0.58214001591089892,0.0001988862370723946,0.82040572792362765,85.891209228321401,4.2195704057279233,0.067422434367541764,0.0,0.016905330151153541,90.0,0.95405727923627681,0.025457438345266509,0.0,0.073587907716786,90.184168655529035,0.74085123309466983,0.0013922036595067622
3.5743034055727554,73.586068111455106,13.478947368421053,0.36068111455108359,0.33126934984520123,3.6910216718266255,59.508668730650157,5.9185758513931885,1.3891640866873065,0.0,0.0,1.6993808049535604,0.83869969040247683,0.42569659442724456,0.015479876160990712,9.4950464396284833,68.616099071207429,10.562538699690402,2.1055727554179566,0.0,8.8043343653250776,65.366563467492256,16.663157894736841,0.16594427244582044,0.0,0.20557275541795667,87.472445820433435,3.3185758513931889,0.0034055727554179569,0.0,1.0185758513931888,83.740866873065016,6.1975232198142418,0.043034055727554178
1.4860474802165764,77.316118284048315,12.134110787172011,0.063723448563098709,0.024989587671803416,0.24822990420658059,15.484798000832987,2.6942940441482714,1.2740524781341107,0.0,0.0,1.1607663473552687,0.30570595585172844,0.13994169096209913,0.018325697625989172,7.5818408996251563,67.880466472303212,12.892128279883382,2.3873386089129531,0.0,5.8063306955435232,70.145772594752188,14.936693044564764,0.1112036651395252,0.0,0.32944606413994171,87.324031653477718,3.3281965847563515,0.018325697625989172,0.0,1.168679716784673,84.825905872553108,5.0029154518950438,0.0024989587671803417
