ft_frozen,ft_thawed,ft_trans,ft_itrans,fw_fw_06_swe_-3,fw_fw_06_swe_-2,fw_fw_06_swe_-1,fw_fw_06_swe_+1,fw_fw_06_swe_+2,swe_swe_average_-3,swe_swe_average_-2,swe_swe_average_-1,swe_swe_average_+1,swe_swe_average_+2,energy_sw_up_-3,energy_sw_up_-2,energy_sw_up_-1,energy_sw_up_+1,energy_sw_up_+2,energy_sw_dn_-3,energy_sw_dn_-2,energy_sw_dn_-1,energy_sw_dn_+1,energy_sw_dn_+2,energy_lw_up_-3,energy_lw_up_-2,energy_lw_up_-1,energy_lw_up_+1,energy_lw_up_+2,energy_lw_dn_-3,energy_lw_dn_-2,energy_lw_dn_-1,energy_lw_dn_+1,energy_lw_dn_+2
0.0,0.0,0.0,0.0,0.54055654233274131,6.5314781922241956,57.556739688178411,9.8146832445233869,2.3321492007104796,0.0,0.005525952239984212,0.16222616933096506,0.056246299585553584,0.033155713439905268,2.5944345766725871,16.751134793763569,65.043220840734165,7.2196566015393726,0.33984606275902901,1.5312808367870534,11.169923031379515,63.944937833037301,15.026248273139926,0.23426090388790211,1.1134793763568187,16.262877442273535,67.195579238208012,6.9925004933885928,0.39332938622459046,3.2399842115650288,15.639234260903887,61.518847444247086,10.229919084270772,0.65561476218669823
6.6084905660377355,69.48013902681231,15.673286991062563,0.23808341608738828,0.14349553128103276,4.0096822244289969,38.380834160873881,5.3291956305858985,1.4729394240317775,0.0,0.13604766633565044,7.7418073485600791,4.9426514399205557,0.74205561072492554,0.16360476663356505,10.25,68.6680734856008,11.021102284011917,1.5955809334657398,0.24528301886792453,13.479394240317776,61.163853028798414,17.029791459781528,0.079940417080436935,0.40392254220456802,13.639026812313803,61.899950347567028,15.049155908639523,0.95605759682224434,0.67974180734856005,14.197616683217477,59.767626613704074,16.112462760675275,1.2040714995034756
44.063418731625369,26.436791264174715,21.29147417051659,0.20831583368332635,0.07265854682906342,1.0457790844183117,14.844183116337673,2.48845023099538,0.42461150776984458,0.76018479630407387,10.345653086938261,56.210415791684163,7.5850482990340193,0.2242755144897102,0.029399412011759767,16.285594288114236,63.315833683326332,10.65812683746325,1.4439311213775725,0.0,16.75892482150357,55.005879882402354,20.235195296094076,0.0,0.29483410331793364,10.517429651406973,64.11717765644687,14.939521209575808,2.0436791264174716,0.66148677026459468,13.140277194456111,61.771524569508607,14.910961780764385,1.4775304493910122
