ft_frozen,ft_thawed,ft_trans,ft_itrans,fw_fw_06_swe_-3,fw_fw_06_swe_-2,fw_fw_06_swe_-1,fw_fw_06_swe_+1,fw_fw_06_swe_+2,swe_swe_average_-3,swe_swe_average_-2,swe_swe_average_-1,swe_swe_average_+1,swe_swe_average_+2,energy_sw_up_-3,energy_sw_up_-2,energy_sw_up_-1,energy_sw_up_+1,energy_sw_up_+2,energy_sw_dn_-3,energy_sw_dn_-2,energy_sw_dn_-1,energy_sw_dn_+1,energy_sw_dn_+2,energy_lw_up_-3,energy_lw_up_-2,energy_lw_up_-1,energy_lw_up_+1,energy_lw_up_+2,energy_lw_dn_-3,energy_lw_dn_-2,energy_lw_dn_-1,energy_lw_dn_+1,energy_lw_dn_+2
0.067269643866591289,0.12229131335971359,0.094968908988128889,0.027510834746561144,0.42962125494629733,6.015639721123045,50.097795364612779,8.0380629357452413,1.9815338232523083,0.0,0.054833239118145846,0.38251366120218577,0.16977576785377804,0.065762200866779724,0.17166007160354249,3.8394573205200677,63.782551347277185,21.5472018089316,2.300169587337479,1.4211418880723572,11.296212549462973,62.814584511023178,16.054079517618241,0.34859619370642547,0.65630299604296216,9.833427548520822,61.265309967966836,17.224609006971924,2.5779159600527604,2.772752967778406,12.707556058036555,59.833050687770871,15.359336725080082,0.73563218390804597
21.726623840114204,43.463954318344037,26.394718058529623,0.2395907684986914,0.11467999048298834,1.9750178443968593,24.381156316916488,4.0473471330002377,1.3609326671425173,0.018082322150844633,4.0285510349750178,23.013561741613135,10.803235783963835,1.3763978110873185,0.012372115155841065,4.4751368070425883,69.302878896026641,13.25553176302641,3.9507494646680943,0.023792529145848205,16.035450868427315,58.965024982155605,16.969307637401855,0.0064239828693790149,0.98072805139186292,14.704972638591482,56.395193909112535,17.327861051629789,2.5044016178919821,1.2533904354032834,13.646918867475613,59.367594575303357,15.384725196288365,2.2084225553176302
