ft_frozen,ft_thawed,ft_trans,ft_itrans,fw_fw_06_swe_-3,fw_fw_06_swe_-2,fw_fw_06_swe_-1,fw_fw_06_swe_+1,fw_fw_06_swe_+2,swe_swe_average_-3,swe_swe_average_-2,swe_swe_average_-1,swe_swe_average_+1,swe_swe_average_+2,energy_sw_up_-3,energy_sw_up_-2,energy_sw_up_-1,energy_sw_up_+1,energy_sw_up_+2,energy_sw_dn_-3,energy_sw_dn_-2,energy_sw_dn_-1,energy_sw_dn_+1,energy_sw_dn_+2,energy_lw_up_-3,energy_lw_up_-2,energy_lw_up_-1,energy_lw_up_+1,energy_lw_up_+2,energy_lw_dn_-3,energy_lw_dn_-2,energy_lw_dn_-1,energy_lw_dn_+1,energy_lw_dn_+2
0.0,0.0,0.0,0.0,0.17098005939753924,3.7632583792957148,39.485999151463723,8.7732286805260919,2.7201951633432331,0.0,0.0,0.044336020364870596,0.029698769622401356,0.013152312261349173,0.024183283835383963,0.99151463725074251,86.28107764106916,3.5511243105642767,0.12664403903266866,0.0,0.60309715740347902,87.098642341960115,3.2390750954603309,0.057276198557488334,0.0,0.015697921086126432,90.689647857445905,0.29465422146796777,0.0,0.0,0.065337293169282981,90.048790835808234,0.88481120067882901,0.0010606703436571913
5.1436619718309862,74.461032863849766,11.037245696400626,0.35805946791862286,0.48043818466353677,3.8056338028169012,58.101095461658844,6.5267605633802814,1.8691705790297339,0.0,0.00062597809076682311,1.422848200312989,0.98528951486697969,0.72582159624413145,0.018153364632237871,7.6040688575899846,70.396870109546171,10.814084507042253,1.8823161189358373,0.0,8.1539906103286377,65.46134585289515,16.988106416275432,0.39655712050078246,0.0,1.0788732394366196,86.249765258215959,3.6704225352112676,0.00093896713615023472,0.0,2.2241001564945226,81.901408450704224,6.8632237871674491,0.011267605633802818
0.0,0.0,0.0,0.0,80.5,10.5,0.0,0.0,0.0,0.0,0.0,0.0,0.0,0.0,0.0,8.5,82.5,0.0,0.0,0.0,1.0,83.5,6.5,0.0,0.0,0.0,91.0,0.0,0.0,0.0,0.0,87.5,3.5,0.0
