ft_frozen,ft_thawed,ft_trans,ft_itrans,fw_fw_06_swe_-3,fw_fw_06_swe_-2,fw_fw_06_swe_-1,fw_fw_06_swe_+1,fw_fw_06_swe_+2,swe_swe_average_-3,swe_swe_average_-2,swe_swe_average_-1,swe_swe_average_+1,swe_swe_average_+2,energy_sw_up_-3,energy_sw_up_-2,energy_sw_up_-1,energy_sw_up_+1,energy_sw_up_+2,energy_sw_dn_-3,energy_sw_dn_-2,energy_sw_dn_-1,energy_sw_dn_+1,energy_sw_dn_+2,energy_lw_up_-3,energy_lw_up_-2,energy_lw_up_-1,energy_lw_up_+1,energy_lw_up_+2,energy_lw_dn_-3,energy_lw_dn_-2,energy_lw_dn_-1,energy_lw_dn_+1,energy_lw_dn_+2
0.0,0.0,0.0,0.0,0.27137924030062971,4.0282348161690029,39.781434084907573,7.1759089985781026,1.9112329880154377,0.0,0.0058907170424537881,0.67804184440381876,0.34186471663619744,0.080032500507820431,0.010359536867763558,2.5787121673776152,70.922811293926472,15.496242128783262,1.8377005890717042,0.0,1.6877919967499493,80.832622384724758,8.2382693479585622,0.21653463335364614,0.0,0.090188909201706274,88.222831606743853,2.6530570790168597,0.033719276863700992,0.0,0.25695713995531178,88.720901889092019,2.0197034328661387,0.0024375380865326022
7.8177415243436146,65.362987509559005,17.288044863624776,0.53122610247259749,0.30996686209533519,3.5862860056079531,54.346673464185571,5.1988274279887845,1.1113943410655112,0.0,0.0033137904664797351,3.5429518225847567,2.1004333418302319,0.70277848585266378,0.0028039765485597759,8.6158552128473112,68.964822839663526,10.970430792760641,2.1233749681366301,0.0,9.0280397654855982,63.225337751720623,18.123629875095592,0.6229926076981902,0.0,0.49222533775172062,83.854448126433851,6.5648738210553148,0.088452714759112927,0.0,1.4190670405302064,81.370379811368849,8.1437675248534287,0.066785623247514664
0.0,0.0,0.0,0.0,0.12075983717774763,2.1696065128900948,31.830393487109905,8.2157394843962006,3.2618724559023065,0.0,0.0,0.0,0.0,0.0,0.4599728629579376,85.112618724559027,5.4206241519674352,0.0067842605156037995,0.0,0.0,0.021709633649932156,90.416553595658073,0.56173677069199457,0.0,0.0,0.0,90.978290366350066,0.021709633649932156,0.0,0.0,0.0013568521031207597,90.994572591587513,0.0040705563093622792,0.0
0.0,0.0,0.0,0.0,0.0,21.0,55.0,15.0,0.0,0.0,0.0,0.0,0.0,0.0,64.0,25.0,2.0,0.0,0.0,0.0,0.0,82.0,9.0,0.0,0.0,0.0,91.0,0.0,0.0,0.0,0.0,91.0,0.0,0.0
