ft_frozen,ft_thawed,ft_trans,ft_itrans,fw_fw_06_swe_-3,fw_fw_06_swe_-2,fw_fw_06_swe_-1,fw_fw_06_swe_+1,fw_fw_06_swe_+2,swe_swe_average_-3,swe_swe_average_-2,swe_swe_average_-1,swe_swe_average_+1,swe_swe_average_+2,energy_sw_up_-3,energy_sw_up_-2,energy_sw_up_-1,energy_sw_up_+1,energy_sw_up_+2,energy_sw_dn_-3,energy_sw_dn_-2,energy_sw_dn_-1,energy_sw_dn_+1,energy_sw_dn_+2,energy_lw_up_-3,energy_lw_up_-2,energy_lw_up_-1,energy_lw_up_+1,energy_lw_up_+2,energy_lw_dn_-3,energy_lw_dn_-2,energy_lw_dn_-1,energy_lw_dn_+1,energy_lw_dn_+2
0.010193883669798121,0.018189086548071158,0.015590645612632421,0.011193284029582251,0.23705776534079553,4.6404157505496704,59.833100139916048,11.739956026384169,2.7271637017789327,0.0,0.00099940035978412947,0.28243054167499498,0.074755146911852893,0.05956426144313412,0.58664801119328402,9.4321407155706574,70.045572656406151,10.885268838696781,0.79652208674795122,1.6220267839296423,11.809514291425145,62.855886468119131,15.299420347791326,0.34179492304617232,0.71017389566260247,10.621627023785729,59.56606036378173,17.164501299220468,3.3887667399560262,1.747551469118529,13.761143314011592,64.058964621227261,11.660403757745353,0.5018988606835898
19.085483870967742,49.330107526881719,23.36962365591398,0.21478494623655914,0.16075268817204302,2.4674731182795697,27.298655913978493,3.7577956989247312,1.2034946236559141,0.0,1.868279569892473,23.408064516129031,10.863978494623655,2.1524193548387096,0.068279569892473121,6.743279569892473,69.049193548387095,10.394354838709678,4.0024193548387093,0.034408602150537634,15.201881720430107,59.801075268817208,16.957258064516129,0.0051075268817204304,1.5948924731182796,16.506989247311829,54.460215053763442,17.722043010752689,1.6336021505376344,2.1435483870967742,17.458870967741934,55.289247311827957,14.936021505376344,2.010752688172043
51.633678557729191,21.335634829305715,18.867280398925967,0.16340621403912542,0.11238971998465669,1.5657844265439202,11.27464518603759,1.7548906789413119,0.25700038358266208,0.20099731492136555,9.6290755657844258,61.405446873801303,5.0721135404679707,0.17798235519754507,0.027234369006520907,10.963943229766015,67.390103567318761,11.487917146144994,1.5957038741848868,0.0,17.472190257000385,54.586114307633295,19.94169543536632,0.0,1.4932873034138856,12.232834675872651,61.112773302646723,15.280015343306482,1.8438818565400843,2.5719217491369388,14.500191791331032,60.063674721902572,13.037207518220177,1.7226697353279632
