ft_frozen,ft_thawed,ft_trans,ft_itrans,fw_fw_06_swe_-3,fw_fw_06_swe_-2,fw_fw_06_swe_-1,fw_fw_06_swe_+1,fw_fw_06_swe_+2,swe_swe_average_-3,swe_swe_average_-2,swe_swe_average_-1,swe_swe_average_+1,swe_swe_average_+2,energy_sw_up_-3,energy_sw_up_-2,energy_sw_up_-1,energy_sw_up_+1,energy_sw_up_+2,energy_sw_dn_-3,energy_sw_dn_-2,energy_sw_dn_-1,energy_sw_dn_+1,energy_sw_dn_+2,energy_lw_up_-3,energy_lw_up_-2,energy_lw_up_-1,energy_lw_up_+1,energy_lw_up_+2,energy_lw_dn_-3,energy_lw_dn_-2,energy_lw_dn_-1,energy_lw_dn_+1,energy_lw_dn_+2
0.027726050072418788,0.048830953858886819,0.037657769501344918,0.019035795572108421,0.38009517897786055,7.3304365818332302,58.382371198013658,8.9002689840678659,2.1680115870060006,0.0,0.0062073246430788334,0.23546451479412372,0.073246430788330236,0.043658183322987792,2.277260500724188,21.176081109042002,62.680736602524313,5.0815228636457688,0.57086695634181672,1.9122698117111525,12.440926960480033,65.765363128491614,11.592799503414028,0.16221808400579349,1.6596316987378439,12.006621146285951,61.529277881233192,14.759983447134285,1.7264638940616595,1.8162631905648665,12.072004965859714,49.130353817504655,24.627974343058142,3.8715083798882683
6.7657983598649301,67.914616497829229,17.04799807042933,0.27158707187650749,0.14881813796430293,3.0443801254220935,39.443318861553301,6.5115774240231552,1.8333333333333333,0.0,0.23974915581283165,9.2954655089242646,2.8924264351181863,0.71538832609744329,0.36565364206464063,13.820791123974915,66.239749155812831,8.9237819585142297,1.9134105161601545,0.26097443318861552,13.657983598649301,61.784852870236371,16.157018813314039,0.12156295224312591,1.8321273516642547,15.358900144717801,57.937288953207911,15.881090207428848,0.88712011577424021,1.631934394597202,14.567776169802219,56.468885672937773,17.68740955137482,1.6215629522431259
89.5625,0.5625,1.625,0.25,0.0,0.0,0.0,0.0,0.0,0.0,0.0,0.0,22.4375,68.1875,0.0,17.625,54.625,19.75,0.0,0.0,18.5,51.1875,22.3125,0.0,0.0,7.5625,71.375,12.875,0.1875,0.0,11.3125,70.1875,9.6875,0.8125
0.0,0.0,0.0,0.0,0.0,0.0,0.0,0.0,0.0,0.0,0.0,0.0,11.0,75.727272727272734,0.0,18.0,53.545454545454547,20.454545454545453,0.0,0.0,19.272727272727273,50.727272727272727,22.0,0.0,0.090909090909090912,10.545454545454545,67.909090909090907,13.090909090909092,0.36363636363636365,0.0,10.909090909090908,70.454545454545453,9.1818181818181817,1.4545454545454546
